{
  "jvm" : {
    "vm" : {
      "name" : "Java HotSpot(TM) 64-Bit Server VM",
      "version" : "1.7.0_10-b18"
    },
    "memory" : {
      "totalInit" : 9.142272E7,
      "totalUsed" : 1.97339648E8,
      "totalMax" : 8.46331904E8,
      "totalCommitted" : 3.14769408E8,
      "heapInit" : 6.7108864E7,
      "heapUsed" : 1.16275232E8,
      "heapMax" : 4.77233152E8,
      "heapCommitted" : 2.2577152E8,
      "heap_usage" : 0.24364449852804862,
      "non_heap_usage" : 0.21962798725474963,
      "memory_pool_usages" : {
        "Code Cache" : 0.11854362487792969,
        "PS Eden Space" : 0.3655919762763122,
        "PS Old Gen" : 0.13149645598281307,
        "PS Perm Gen" : 0.25753462314605713,
        "PS Survivor Space" : 0.9982419358086341
      }
    },
    "buffers" : {
      "direct" : {
        "count" : 1,
        "memoryUsed" : 46,
        "totalCapacity" : 46
      },
      "mapped" : {
        "count" : 0,
        "memoryUsed" : 0,
        "totalCapacity" : 0
      }
    },
    "daemon_thread_count" : 21,
    "thread_count" : 47,
    "current_time" : 1359335531991,
    "uptime" : 4682,
    "fd_usage" : 0.03466796875,
    "thread-states" : {
      "terminated" : 0.0,
      "waiting" : 0.5106382978723404,
      "timed_waiting" : 0.2553191489361702,
      "runnable" : 0.23404255319148937,
      "new" : 0.0,
      "blocked" : 0.0
    },
    "garbage-collectors" : {
      "PS MarkSweep" : {
        "runs" : 1,
        "time" : 155
      },
      "PS Scavenge" : {
        "runs" : 9,
        "time" : 167
      }
    }
  },
  "com.yammer.metrics.web.WebappMetricsFilter" : {
    "activeRequests" : {
      "type" : "counter",
      "count" : 0
    },
    "requests" : {
      "type" : "timer",
      "duration" : {
        "unit" : "milliseconds",
        "min" : 0.843,
        "max" : 424.033,
        "mean" : 37.38965217391305,
        "std_dev" : 95.1930696725959,
        "median" : 4.158,
        "p75" : 15.918,
        "p95" : 378.6201999999994,
        "p98" : 424.033,
        "p99" : 424.033,
        "p999" : 424.033
      },
      "rate" : {
        "unit" : "seconds",
        "count" : 23,
        "mean" : 0.004933519409183182,
        "m1" : 0.10775923811266656,
        "m5" : 0.041580741588833424,
        "m15" : 0.01571702542149034
      }
    },
    "responseCodes.badRequest" : {
      "type" : "meter",
      "event_type" : "responses",
      "unit" : "seconds",
      "count" : 4,
      "mean" : 8.580030392646979E-4,
      "m1" : 7.193002014753544E-35,
      "m5" : 3.2937625091186575E-9,
      "m15" : 2.7842638233709635E-5
    },
    "responseCodes.created" : {
      "type" : "meter",
      "event_type" : "responses",
      "unit" : "seconds",
      "count" : 7,
      "mean" : 0.0015015053299858123,
      "m1" : 0.054350591222588875,
      "m5" : 0.020014772961553177,
      "m15" : 0.007389779208124851
    },
    "responseCodes.noContent" : {
      "type" : "meter",
      "event_type" : "responses",
      "unit" : "seconds",
      "count" : 0,
      "mean" : 0.0,
      "m1" : 0.0,
      "m5" : 0.0,
      "m15" : 0.0
    },
    "responseCodes.notFound" : {
      "type" : "meter",
      "event_type" : "responses",
      "unit" : "seconds",
      "count" : 5,
      "mean" : 0.0010725038646459471,
      "m1" : 0.01908083210347922,
      "m5" : 0.012409278252416145,
      "m15" : 0.005035278548882065
    },
    "responseCodes.ok" : {
      "type" : "meter",
      "event_type" : "responses",
      "unit" : "seconds",
      "count" : 1,
      "mean" : 2.145007633129783E-4,
      "m1" : 0.015991117074135343,
      "m5" : 0.0033057092356765017,
      "m15" : 0.0011080303990206543
    },
    "responseCodes.other" : {
      "type" : "meter",
      "event_type" : "responses",
      "unit" : "seconds",
      "count" : 6,
      "mean" : 0.0012870046453049143,
      "m1" : 0.018336697712463143,
      "m5" : 0.005850977845425083,
      "m15" : 0.002156094627229063
    },
    "responseCodes.serverError" : {
      "type" : "meter",
      "event_type" : "responses",
      "unit" : "seconds",
      "count" : 0,
      "mean" : 0.0,
      "m1" : 0.0,
      "m5" : 0.0,
      "m15" : 0.0
    }
  },
  "lab.api.CustomerResource" : {
    "create-customer" : {
      "type" : "timer",
      "duration" : {
        "unit" : "milliseconds",
        "min" : 2.516,
        "max" : 262.387,
        "mean" : 29.278166666666667,
        "std_dev" : 75.2196012617037,
        "median" : 2.8505000000000003,
        "p75" : 3.585,
        "p95" : 262.387,
        "p98" : 262.387,
        "p99" : 262.387,
        "p999" : 262.387
      },
      "rate" : {
        "unit" : "seconds",
        "count" : 12,
        "mean" : 0.002574004614654881,
        "m1" : 0.06680448572211199,
        "m5" : 0.023159264994996,
        "m15" : 0.00850930365744272
      }
    },
    "create-customer-failures" : {
      "type" : "meter",
      "event_type" : "exceptions",
      "unit" : "seconds",
      "count" : 5,
      "mean" : 0.001072478657191034,
      "m1" : 0.012453894499523116,
      "m5" : 0.0031444920334428206,
      "m15" : 0.0011195244493178707
    },
    "get-customer" : {
      "type" : "timer",
      "duration" : {
        "unit" : "milliseconds",
        "min" : 0.44,
        "max" : 10.009,
        "mean" : 2.1323333333333334,
        "std_dev" : 3.859329147230988,
        "median" : 0.5835,
        "p75" : 2.974,
        "p95" : 10.009,
        "p98" : 10.009,
        "p99" : 10.009,
        "p999" : 10.009
      },
      "rate" : {
        "unit" : "seconds",
        "count" : 6,
        "mean" : 0.0012870017982684106,
        "m1" : 0.03507194917761456,
        "m5" : 0.01571498748809265,
        "m15" : 0.006143308947902719
      }
    },
    "get-customer-failures" : {
      "type" : "meter",
      "event_type" : "exceptions",
      "unit" : "seconds",
      "count" : 0,
      "mean" : 0.0,
      "m1" : 0.0,
      "m5" : 0.0,
      "m15" : 0.0
    }
  },
  "org.apache.http.client.HttpClient" : {
    "connect-requests" : {
      "type" : "timer",
      "duration" : {
        "unit" : "milliseconds",
        "min" : 0.0,
        "max" : 0.0,
        "mean" : 0.0,
        "std_dev" : 0.0,
        "median" : 0.0,
        "p75" : 0.0,
        "p95" : 0.0,
        "p98" : 0.0,
        "p99" : 0.0,
        "p999" : 0.0
      },
      "rate" : {
        "unit" : "seconds",
        "count" : 0,
        "mean" : 0.0,
        "m1" : 0.0,
        "m5" : 0.0,
        "m15" : 0.0
      }
    },
    "delete-requests" : {
      "type" : "timer",
      "duration" : {
        "unit" : "milliseconds",
        "min" : 0.0,
        "max" : 0.0,
        "mean" : 0.0,
        "std_dev" : 0.0,
        "median" : 0.0,
        "p75" : 0.0,
        "p95" : 0.0,
        "p98" : 0.0,
        "p99" : 0.0,
        "p999" : 0.0
      },
      "rate" : {
        "unit" : "seconds",
        "count" : 0,
        "mean" : 0.0,
        "m1" : 0.0,
        "m5" : 0.0,
        "m15" : 0.0
      }
    },
    "get-requests" : {
      "type" : "timer",
      "duration" : {
        "unit" : "milliseconds",
        "min" : 1.243,
        "max" : 55.168,
        "mean" : 10.59775,
        "std_dev" : 20.493866138321838,
        "median" : 1.9184999999999999,
        "p75" : 2.22825,
        "p95" : 55.168,
        "p98" : 55.168,
        "p99" : 55.168,
        "p999" : 55.168
      },
      "rate" : {
        "unit" : "seconds",
        "count" : 12,
        "mean" : 0.002578591928354236,
        "m1" : 0.06914718201229997,
        "m5" : 0.023306995483346,
        "m15" : 0.009667830563957822
      }
    },
    "head-requests" : {
      "type" : "timer",
      "duration" : {
        "unit" : "milliseconds",
        "min" : 0.0,
        "max" : 0.0,
        "mean" : 0.0,
        "std_dev" : 0.0,
        "median" : 0.0,
        "p75" : 0.0,
        "p95" : 0.0,
        "p98" : 0.0,
        "p99" : 0.0,
        "p999" : 0.0
      },
      "rate" : {
        "unit" : "seconds",
        "count" : 0,